Type,Data Provider,Dataset Title,Province / Territory,Link to Dataset,Licence title (if provided) ,Licence version (if provided) ,Link to data licence,Attribution statement (in language of origin),Date last updated as of date of download / update frequency (y-m-d),Date data were obtained (y-m-d)
Open Data,Alberta (Province),Government of Alberta - Open Data - Alberta Public Library Directory - Open Government,Alberta,https://open.alberta.ca/publications/6656702#summary,Open Government Licence – Alberta,Version 2.1,https://open.alberta.ca/licence,Contains information licensed under the Open Government Licence – Alberta,2019-02-19,2020-03-05
Open Data,Barrie (Municipality),Barrie - Open Data - City Facilities,Ontario,http://public-barrie.opendata.arcgis.com/datasets/city-facilities/data,Open Government Licence – Barrie,Version 1.0,https://www.barrie.ca/Online%20Services/PublishingImages/OpenData_Images/COB_DataLicense.pdf,Contains information licensed under the Open Government Licence – Barrie,2019-04-16,2020-03-10
Open Data,Barrie (Municipality),Barrie - Open Data - Facility Site,Ontario,https://opendata.arcgis.com/datasets/42010c8e468844bfb6e7db2dd6aad529_1,Open Government Licence – Barrie,Version 1.0,https://www.barrie.ca/Online%20Services/PublishingImages/OpenData_Images/COB_DataLicense.pdf,Contains information licensed under the Open Government Licence – Barrie,2019-08-03,2019-09-10
Open Data,Blainville (Municipality),Bâtiments Municipaux - Jeux De Données - Données Québec (French Only),Québec,https://www.donneesquebec.ca/recherche/fr/dataset/batiments-municipaux,Données Quebéc - License Creative Commons (CC BY) (French Only),Creative Commons 4.0 (CC),https://www.donneesquebec.ca/fr/licence/#cc-by,Contient de l’information fournie par la ville de Blainvillel et visée par CC BY,2019-01-14,2020-02-04
Open Data,Blainville (Municipality),Bâtiments Municipaux - Jeux De Données - Données Québec (French Only),Québec,https://www.donneesquebec.ca/recherche/fr/dataset/0427c2ca-0b27-4cc9-8526-adf0a804b362,Données Quebéc - License Creative Commons (CC BY) (French Only),Creative Commons 4.0 (CC),https://www.donneesquebec.ca/fr/licence/#cc-by,Contient de l’information fournie par la ville de Blainvillel et visée par CC BY,2019-03-06,2019-09-10
Open Data,Brampton (Municipality),Brampton - Open Data - Supplementary City Facilities,Ontario,http://geohub.brampton.ca/datasets/supplementary-city-facilities,Terms and Conditions - City of Brampton,,http://www.brampton.ca/EN/City-Hall/OpenGov/Open-Data-Catalogue/Pages/Terms-of-Use.aspx,"Copyright © 2012, The City of Brampton (All rights reserved) All intellectual property and other rights in and to the Dataset belong to the City of Brampton",2020-08-31,2020-02-04
Open Data,Brampton (Municipality),Brampton - Open Data - Culture Map Listings,Ontario,http://geohub.brampton.ca/datasets/culture-map-listings,Terms and Conditions - City of Brampton,,http://www.brampton.ca/EN/City-Hall/OpenGov/Open-Data-Catalogue/Pages/Terms-of-Use.aspx,"Copyright © 2012, The City of Brampton (All rights reserved) All intellectual property and other rights in and to the Dataset belong to the City of Brampton",2020-08-31,2020-02-04
Open Data,Brampton (Municipality),City of Brampton - Open Data - Libraries,Ontario,https://opendata.arcgis.com/datasets/d1352170770448b78deda4dd966d78ad_5,Creative Commons CC-By Licence,Version 4.0,https://creativecommons.org/licenses/by/4.0/,Licensed from the City of Brampton under a Creative Commons CC-BY license,2019-05-08,2020-02-29
Open Data,British Columbia (Province),Government of British Columbia - Open Data - BC Public Libraries Mailing Address List,British Columbia,https://www2.gov.bc.ca/assets/gov/residents/sports-and-recreation/arts-culture/public-libraries/bc_public_libraries_mailing_address_list,Open Government Licence – British Columbia,Version 2.0,https://www2.gov.bc.ca/gov/content/data/open-data/open-government-licence-bc,Contains information licensed under the Open Government Licence – British Columbia,2018-08-31,2020-03-05
Open Data,Burlington (Municipality),Burlington - Open Data - Facilities,Ontario,https://navburl-burlington.opendata.arcgis.com/datasets/facilities/data,City of Burlington - Open Data Terms of Use,Custom Licence,https://www.burlington.ca/en/services-for-you/resources/Ongoing_Projects/Open_Data/OpenDataBurlingtonTermsOfUseSeptember192011.pdf,"The Corporation of the City of Burlington (the City) now grants you a worldwide, royalty-free, nonexclusive, revocable licence to use, reproduce, modify, and distribute the datasets in all current and
future media and formats for any lawful purpose",2020-09-07,2020-03-10
Open Data,Burlington (Municipality),Burlington - Open Data - Libraries,Ontario,https://opendata.arcgis.com/datasets/e0b601aeb7e148fba9c9cd48c444d25a_1,City of Burlington - Open Data Terms of Use,,https://www.burlington.ca/en/services-for-you/resources/Ongoing_Projects/Open_Data/OpenDataBurlingtonTermsOfUseSeptember192011.pdf,"The Corporation of the City of Burlington (the City) now grants you a worldwide, royalty-free, nonexclusive, revocable licence to use, reproduce, modify, and distribute the datasets in all current and
future media and formats for any lawful purpose",2019-08-27,2019-10-24
Open Data,Burnaby (Municipality),Burnaby - Open Data - Business Licences,British Columbia,https://data.burnaby.ca/datasets/business-licences,Open Government Licence – Burnaby,Version 2.0,https://www.burnaby.ca/opendata/licence.html,Contains information licensed under the Open Government Licence – Burnaby,2020-09-07,2020-02-04
Open Data,Burnaby (Municipality),Burnaby - Open Data - Civic Places,British Columbia,https://data.burnaby.ca/datasets/civic-places/data?page=11,Open Government Licence – Burnaby,Version 2.0,https://www.burnaby.ca/opendata/licence.html,Contains information licensed under the Open Government Licence – Burnaby,2020-08-01,2020-02-04
Open Data,Calgary (Municipality),Calgary - Open Data - Calgary Business Licences | Open Calgary,Alberta,https://data.calgary.ca/Business-and-Economic-Activity/Calgary-Business-Licences/vdjc-pybd,Open Government Licence – City of Calgary,Version 2.1,https://data.calgary.ca/stories/s/Open-Calgary-Terms-of-Use/u45n-7awa,Contains information licensed under the Open Government Licence – City of Calgary,Daily,2020-02-04
Open Data,Calgary (Municipality),Calgary - Open Data - Recreation Facilities | Open Calgary,Alberta,https://data.calgary.ca/Recreation-and-Culture/Recreation-Facilities/ssrd-qps9,Open Government Licence – City of Calgary,Version 2.1,https://data.calgary.ca/stories/s/Open-Calgary-Terms-of-Use/u45n-7awa,Contains information licensed under the Open Government Licence – City of Calgary,2020-09-13,2020-02-04
Open Data,Calgary (Municipality),Calgary - Open Data - Calgary Public Library Locations And Hours | Open Calgary,Alberta,https://data.calgary.ca/Recreation-and-Culture/Calgary-Public-Library-Locations-and-Hours/m9y7-ui7j,Open Government Licence – City of Calgary,Version 2.1,https://data.calgary.ca/stories/s/Open-Calgary-Terms-of-Use/u45n-7awa,Contains information licensed under the Open Government Licence – City of Calgary,2018-05-15,2020-03-10
Open Data,Cambridge (Municipality),Cambridge - Open Data - Museums,Ontario,https://geohub.cambridge.ca/datasets/museums?geometry=-80.489%2C43.353%2C-80.131%2C43.440,Open Government Licence – City of Cambridge,Version 2.0,https://www.cambridge.ca/en/your-city/resources/Open-Data-Licence-Version-2.pdf,Contains information licensed under the Open Government Licence – City of Cambridge,2019-03-08,2020-03-10
Open Data,Cambridge (Municipality),City of Cambridge - Open Data - Libraries,Ontario,https://opendata.arcgis.com/datasets/dd7be0b595c74793b15bcfb842186dc3_7,Open Government Licence – City of Cambridge,Version 2.0,https://maps.cambridge.ca/images/opendata/Open%20data%20licence.pdf,Contains information licensed under the Open Government Licence – City of Cambridge,2019-08-22,2020-02-29
Open Data,Campbell River (Municipality),Campbell River - Open Data - Downloadable Points Of Interest,British Columbia,https://data-crcc.opendata.arcgis.com/datasets/847147a51b5a4dc297cd5d21f9fd3c23_0/data,Open Data Licence - Campbell River,Custom Licence,https://data-crcc.opendata.arcgis.com/datasets/847147a51b5a4dc297cd5d21f9fd3c23_0/data#,Contains information made available from the City of Campbell River under an open data license,2018-03-05,2020-03-10
Open Data,Campbell River (Municipality),Campbell River - Open Data - Downloadable Points Of Interest,British Columbia,https://opendata.arcgis.com/datasets/847147a51b5a4dc297cd5d21f9fd3c23_0,City of Campbell River - Open Data Terms of Use,,https://data-crcc.opendata.arcgis.com/datasets/847147a51b5a4dc297cd5d21f9fd3c23_0,This City of Campbell River data is provided as a public service by the City of Campbell River (“City”) on the terms set out below ,2018-03-05,2019-10-24
Open Data,Chestermere (Municipality),Chestermere - Open Data - Points Of Interest,Alberta,https://opendata.arcgis.com/datasets/2eff2f4c8c054d3da571c275d0b5af4b_0,No License Provided,,No License Provided,"The Data is provided as is, without warranty, representation or condition of any kind ",2019-05-13,2019-08-29
Open Data,Chilliwack (Municipality),Chilliwack - Open Data Catalogue - City Of Chilliwack - Active Business Licences,British Columbia,https://www.chilliwack.com/main/page.cfm?id=2331&odAction=viewItem&odID=130,Open Data Licence - Chilliwack,Custom Licence,https://www.chilliwack.com/main/page.cfm?id=2391,Contains information made available from the City of Chilliwack under an open data license,2020-09-11,2020-02-04
Open Data,Cochrane (Municipality),Cochrane - The Town Of Cochrane Open Data - Points of Interest,Alberta,https://data-cochranegis.opendata.arcgis.com/datasets/cochrane-points-of-interest/data,Open Data Licence – Town of Cochrane,Version 1.0,https://www.cochrane.ca/947/Open-Data-Licence,Contains information licensed under the Open Data Licence – Town of Cochrane,2019-09-27,2020-02-04
Open Data,Cochrane (Municipality),Cochrane - The Town Of Cochrane Open Data - Points of Interest,Alberta,https://opendata.arcgis.com/datasets/5064dd6f71724f53a1f27c3ba98067c8_0,Open Data Licence – Town of Cochrane,Version 1.0,https://www.cochrane.ca/947/Open-Data-Licence,Contains information licensed under the Open Data Licence – Town of Cochrane,2019-08-02,2019-08-29
Open Data,District of North Vancouver (District),District of North Vancouver - Open Data - Geoweb | North Vancouver District'S Gis Website - Points of Interest,British Columbia,http://geoweb.dnv.org/data/,Open Government Licence - North Vancouver,Version 3.0,http://geoweb.dnv.org/data/metadata.php?dataset=RegZoning,Contains information licensed under the Open Government Licence - North Vancouver,Unknown,2020-02-04
Open Data,District of Squamish (District),District of Squamish - Open Data - Point Of Interest,British Columbia,https://data.squamish.ca/datasets/point-of-interest,Open Government Licence - District of Squamish,Version 2.0,https://squamish.ca/discover-squamish/maps-and-data/open-data/,Contains information licensed under the Open Government Licence - District of Squamish,2020-03-10,2020-03-10
Open Data,District of Squamish (District),District of Squamish - Open Data - Point Of Interest,British Columbia,https://opendata.arcgis.com/datasets/2561c279beb44d099c232e2f68b94d91_0,Open Government Licence - District of Squamish,Version 2.0,https://squamish.ca/discover-squamish/maps-and-data/open-data/,Contains information licensed under the Open Government Licence - District of Squamish,2018-05-23,2019-10-24
Open Data,Dufferin County (County),County of Dufferin - Open Data - Dufferin County Public Libraries,Ontario,https://opendata.arcgis.com/datasets/8ec69c1fb0ad4be4a52f3d6ec8e2bc26_0,Open Government Licence - County of Dufferin,Version 2,https://www.dufferincounty.ca/sites/default/files/clerks/Dufferin%20Open%20Government%20License.pdf,Contains information licensed under the Open Government Licence - County of Dufferin,2019-04-23,2019-08-29
Open Data,Durham (Municipality),Durham - Open Data - Community Services,Ontario,https://opendata.durham.ca/datasets/community-services?page=7,Open Data Licence - Durham,Version 1.0,https://www.durham.ca/en/regional-government/resources/Documents/OpenDataLicenceAgreement.pdf,Contains public sector Information made available under The Regional Municipality of Durham's Open Data Licence,2018-06-04,2020-02-04
Open Data,Edmonton (Municipality),Edmonton - Ets - Bus Stops By Landmarks (Map View) | Edmonton - Open Data Portal,Alberta,https://data.edmonton.ca/Transit/ETS-Bus-Stops-by-Landmarks-Map-View-/id8i-xwha,Open Data Licence - Edmonton,Version 2.4,https://data.edmonton.ca/stories/s/City-of-Edmonton-Open-Data-Terms-of-Use/msh8-if28/,Contains information made available from the City of Edmonton under an open data license,2020-09-07,2020-02-04
Open Data,Edmonton (Municipality),Edmonton - Attractions | Edmonton - Open Data Portal,Alberta,https://data.edmonton.ca/Facilities-and-Structures/Attractions/7yt8-7467/data,Open Data Licence - Edmonton,Version 2.4,https://data.edmonton.ca/stories/s/City-of-Edmonton-Open-Data-Terms-of-Use/msh8-if28/,Contains information made available from the City of Edmonton under an open data license,2020-08-28,2020-02-04
Open Data,Edmonton (Municipality),Edmonton - Public Libraries | Edmonton - Open Data Portal,Alberta,https://data.edmonton.ca/Community-Centres/Public-Libraries/jn25-zspi,City of Edmonton - Open Data Terms of Use,Version 2.4,https://data.edmonton.ca/stories/s/City-of-Edmonton-Open-Data-Terms-of-Use/msh8-if28/,Contains information obtained from the City of Edmonton Open Data Portal under an open license,2019-08-27,2020-02-29
Open Data,Gatineau (Municipality),Lieux Publics - Ville De Gatineau (French Only),Québec,https://www.gatineau.ca/portail/default.aspx?p=publications_cartes_statistiques_donnees_ouvertes/donnees_ouvertes/jeux_donnees/details&id=1267315911,Creative Commons CC-By Licence,Version 4.0,https://creativecommons.org/licenses/by/4.0/legalcode,Licensed from the City of Gatineau under a Creative Commons CC-BY license,2020-09-06,2019-09-13
Open Data,Gatineau (Municipality),Galeries D'Art Et Expositions - Jeux De Données - Données Québec (French Only),Québec,https://www.donneesquebec.ca/recherche/fr/dataset/vgat_-288629260,Données Quebéc - License Creative Commons (CC BY) (French Only),Creative Commons 4.0 (CC),https://www.donneesquebec.ca/fr/licence/#cc-by,Contient de l’information fournie par la ville de Gatineau et visée par CC BY,2019-01-14,2020-02-11
Open Data,Gatineau (Municipality),Spectacles Et Théâtre - Jeux De Données - Données Québec (French Only),Québec,https://www.donneesquebec.ca/recherche/fr/dataset/vgat_-1305900897,Données Quebéc - License Creative Commons (CC BY) (French Only),Creative Commons 4.0 (CC),https://www.donneesquebec.ca/fr/licence/#cc-by,Contient de l’information fournie par la ville de Gatineau et visée par CC BY,2019-01-14,2020-02-11
Open Data,Gatineau (Municipality),Tourisme - Jeux De Données - Données Québec (French Only),Québec,https://www.donneesquebec.ca/recherche/fr/dataset/vgat_-1880820695,Données Quebéc - License Creative Commons (CC BY) (French Only),Creative Commons 4.0 (CC),https://www.donneesquebec.ca/fr/licence/#cc-by,Contient de l’information fournie par la ville de Gatineau et visée par CC BY,2019-01-14,2020-02-11
Open Data,Grande Prairie (Municipality),Grande Prairie - Open Data - Arts Locations,Alberta,https://data.cityofgp.com/Map-Data/Arts-Locations/7263-6zfx,Open Data Licence – City of Grande Prairie,,http://www.cityofgp.com/index.aspx?page=2332,Contains information licensed under the Open Data License – City of Grande Prairie,44067,2020-02-11
Open Data,Grande Prairie (Municipality),Grande Prairie - Open Data - Points of Interest,Alberta,https://data.cityofgp.com/Map-Data/Points-of-Interest/imrh-2fbx,Open Data Licence – City of Grande Prairie,,http://www.cityofgp.com/index.aspx?page=2332,Contains information licensed under the Open Data License – City of Grande Prairie,44072,2020-02-11
Open Data,Grande Prairie (Municipality),Grande Prairie - Open Data - Points of Interest,Alberta,https://data.cityofgp.com/api/views/w88h-wicn/rows,Open Data Licence – City of Grande Prairie,Version 1.0,http://www.cityofgp.com/index.aspx?page=2332,Contains information licensed under the Open Data License – City of Grande Prairie,2018-05-10,2019-09-10
Open Data,Grey County (County),Grey County - Open Data - Tourism Interest Points,Ontario,https://maps.grey.ca/datasets/tourism-interest-points,Open Data Licence - Grey County,Version 1.0,http://maps.grey.ca/pages/terms,Contains information licensed under the Grey County Open Data Licence,2019-12-04,2020-02-04
Open Data,Guelph (Municipality),Guelph - Guelph City Facilities - Facilities In City Of Guelph - Kml File - Guelph Open Data,Ontario,http://data.open.guelph.ca/dataset/guelph-city-facilities/resource/ebaa0d04-6ff4-4fcc-a7cb-d3586fabf16c,City of Guelph - Open Data Terms of Use,Version 1,http://data.open.guelph.ca/pages/open-government-licence,Contains information provided by the City of Guelph under an open government license,Unknown,2019-09-05
Open Data,Haldimand County (County),Haldimand County - Open Data - Entertainment,Ontario,http://data-huron.opendata.arcgis.com/datasets/e77ce5bbe5d749468bf1e7b9fcb87e4c_0,Open Government Licence – Haldimand County,Version 1.0,http://opendata.haldimandcounty.on.ca/,Contains information licensed under the Open Government Licence – Haldimand County,2020-09-02,2020-03-10
Open Data,Hamilton (Municipality),City of Hamilton - Open Data - Libraries,Ontario,https://opendata.arcgis.com/datasets/67a54ea25d944cf7b66750ba57da822c_1,Open Data Licence - City of Hamilton,Version 1.1,https://www.hamilton.ca/city-initiatives/strategies-actions/open-data-licence-terms-and-conditions,Contains public sector Data made available under the City ofHamilton’s Open Data Licence,43392,2020-03-05
Open Data,Hamilton (Municipality),Hamilton - Open Data - Museums And Galleries,Ontario,http://open.hamilton.ca/datasets/6728810fb847489985d4b735502205a0_2,Open Data Licence - Hamilton,Version 1.1,https://www.hamilton.ca/city-initiatives/strategies-actions/open-data-licence-terms-and-conditions,Contains public sector Data made available under the City ofHamilton’s Open Data Licence,2020-05-11,2020-02-04
Open Data,Hamilton (Municipality),Hamilton - Open Data - Tourism Points Of Interest,Ontario,http://open.hamilton.ca/datasets/e09cca59a8584cc28e7879bd6b0ce7f4_0,Open Data Licence - Hamilton,Version 1.1,https://www.hamilton.ca/city-initiatives/strategies-actions/open-data-licence-terms-and-conditions,Contains public sector Data made available under the City ofHamilton’s Open Data Licence,2020-09-13,2020-02-04
Open Data,Huron County (County),Huron County - Open Data - Library,Ontario,https://opendata.arcgis.com/datasets/ddd734819ee5492aa7df21855e0890b3_0,Open Government Licence – The County of Huron,Version 2.0,https://data-huron.opendata.arcgis.com/datasets/ddd734819ee5492aa7df21855e0890b3_0#,Contains information licensed under the Open Government Licence – The County of Huron,2019-08-07,2020-02-29
Open Data,Kamloops (Municipality),Kamloops - Open Data - Recreation & Entertainment,British Columbia,http://mydata-kamloops.opendata.arcgis.com/datasets/recreation-entertainment/data,Open Government Licence - Kamloops,Version 2.0,https://www.kamloops.ca/node/29807,Contains information licensed under the Open Government Licence - Kamloops,2020-08-19,2020-03-10
Open Data,Kamloops (Municipality),Kamloops - Open Data - Public Services,British Columbia,http://mydata-kamloops.opendata.arcgis.com/datasets/public-services?page=13,Open Government Licence - Kamloops,Version 2.0,https://www.kamloops.ca/node/29807,Contains information licensed under the Open Government Licence - Kamloops,2019-06-03,2020-03-10
Open Data,Kamloops (Municipality),Kamloops - Open Data - Arts & Education,British Columbia,http://mydata-kamloops.opendata.arcgis.com/datasets/arts-education,Open Government Licence - Kamloops,,https://www.kamloops.ca/node/29807,Contains information licensed under the Open Government Licence - Kamloops,2019-05-09,2020-03-10
Open Data,Kamloops (Municipality),Kamloops - Open Data - Arts & Education | City of Kamloops,British Columbia,https://opendata.arcgis.com/datasets/2aa38b5978eb42fd9ecf0b82d8b8bcec_62,Open Government Licence - Kamloops,Version 1.0,https://www.kamloops.ca/node/29807,Contains information licensed under the Open Government Licence - Kamloops,2019-01-15,2019-08-29
Open Data,Kelowna (Municipality),Kelowna - Open Data - Business License,British Columbia,http://opendata.kelowna.ca/datasets/business-license/data,Open Government Licence – City of Kelowna,Version 2.0,http://apps.kelowna.ca/images/opendata/opengovernmentlicence.pdf,Contains information licensed under the Open Government Licence – City of Kelowna,2020-09-07,2020-03-10
Open Data,Kingston (Municipality),Kingston - Points Of Interest — Open Data Kingston,Ontario,https://opendatakingston.cityofkingston.ca/explore/dataset/point-of-interest/information/?disjunctive.description&disjunctive.name,Open Government Licence – City of Kingston,Version 1.0,https://www.cityofkingston.ca/documents/10180/144997/CityofKingston_OpenDataLicense.pdf,Contains information licensed under the Open Government Licence – City of Kingston,2019-08-29,2020-03-10
Open Data,Kingston (Municipality),Kingston - Points Of Interest — Open Data Kingston,Ontario,https://opendatakingston.cityofkingston.ca/explore/dataset/point-of-interest/information/?disjunctive.description&disjunctive.name,Open Data Licence – City of Kingston,Version 1.0,https://www.cityofkingston.ca/documents/10180/144997/GIS_OpenDataLicense.pdf/72f5a9ac-afbc-4fe3-959d-9111c9393bfa,Contains information licensed under the Open Data Licence – City of Kingston,2020-09-07,2020-02-11
Open Data,Kitchener (Municipality),Kitchener - Open Data - Points Of Interest,Ontario,https://geohub.cambridge.ca/datasets/7dc17e10731546e9b427677d80cff3a1_0?geometry=-80.656%2C43.388%2C-80.297%2C43.475,Open Government Licence - The Corporation of the City of Kitchener,Version 1.0,https://www.kitchener.ca/en/city-services/open-data.aspx#,Open Government Licence - The Corporation of the City of Kitchener,2020-09-07,2020-03-10
Open Data,Kitchener (Municipality),Kitchener - Open Data - Museums,Ontario,https://geohub.cambridge.ca/datasets/737cebec98414635bb45cf0621977d0d_0?geometry=-80.656%2C43.388%2C-80.297%2C43.475,Open Government Licence - The Corporation of the City of Kitchener,Version 1.0,https://www.kitchener.ca/en/city-services/open-data.aspx#,Open Government Licence - The Corporation of the City of Kitchener,2020-09-07,2020-02-04
Open Data,Kitchener (Municipality),Kitchener - Open Data - Landmarks,Ontario,https://geohub.cambridge.ca/datasets/5dbeed2b0f5e4905934436709b4ac7f8_0/data?geometry=-80.788%2C43.347%2C-80.071%2C43.521&page=8,Open Government Licence - The Corporation of the City of Kitchener,Version 1.0,https://www.kitchener.ca/en/city-services/open-data.aspx#,Open Government Licence - The Corporation of the City of Kitchener,2020-09-07,2020-02-04
Open Data,Kitchener (Municipality),Kitchener - Open Data - Libraries,Ontario,https://opendata.arcgis.com/datasets/413adeea9c9543b68a0fb8d3b6a059c8_0,Open Government Licence - The Corporation of the City of Kitchener,Version 1.0,https://www.kitchener.ca/en/city-services/open-data.aspx#ODLicence,Contains information licensed under the Open Government Licence - The Corporation of the City of Kitchener,2019-08-27,2020-03-05
Open Data,Langley (Municipality),Township of Langley - Open Data - Facilities,British Columbia,https://data-tol.opendata.arcgis.com/datasets/facilities/data?page=2,Open Government Licence – Township of Langley,Version 2.0,https://www.tol.ca/connect/talk-to-us/freedom-of-information/open-data-license/,Contains information licensed under the Open Government License – Township of Langley,2020-09-22,2020-02-04
Open Data,Langley (Municipality),Township of Langley - Open Data - Business Licenses,British Columbia,https://data-tol.opendata.arcgis.com/datasets/business-licenses, Open Government Licence – Township of Langley,Version 2.0,https://www.tol.ca/connect/talk-to-us/freedom-of-information/open-data-license/,Contains information licensed under the Open Government License – Township of Langley,2020-09-07,2020-03-10
Open Data,Langley (Municipality),Township of Langley - Open Data - Facilities,British Columbia,https://opendata.arcgis.com/datasets/85b5e3e40a6b47068c6bd37de4503617_0,Open Government Licence – Township of Langley,Version 2,https://www.tol.ca/connect/talk-to-us/freedom-of-information/open-data-license/,Contains information licensed under the Open Government License – Township of Langley,2019-08-25,2019-10-24
Open Data,Laval (Municipality),Lieux Et Édifices Municipaux - Jeux De Données - Données Québec (French Only),Québec,https://www.donneesquebec.ca/recherche/dataset/fddf1658-248e-49d6-99ed-4899a737f14a/,Données Quebéc - License Creative Commons (CC BY) (French Only),Creative Commons 4.0 (CC),https://www.donneesquebec.ca/fr/licence/#cc-by,Contient de l’information fournie par la ville de Laval et visée par CC BY,2019-08-01,2019-08-29
Open Data,Laval (Municipality),Sites De Loisirs - Jeux De Données - Données Québec (French Only),Québec,https://www.donneesquebec.ca/recherche/fr/dataset/sites-de-loisirs,Données Quebéc - License Creative Commons (CC BY) (French Only),Creative Commons 4.0 (CC),https://www.donneesquebec.ca/fr/licence/#cc-by,Contient de l’information fournie par la ville de Laval et visée par CC BY,2020-02-26,2020-02-04
Open Data,Lethbridge (Municipality),Lethbridge - Open Data - Tourism,Alberta,http://opendata.lethbridge.ca/datasets/881517dd7b4d443fadb9d9202775b139_0/data?page=2,Open Data Licence - Lethbridge,Version 1.0,https://www.lethbridge.ca/Pages/OpenDataLicense.aspx,Contains information made available from the City of Lethbridge under an open data license,2019-05-02,2020-02-04
Open Data,Lethbridge (Municipality),Lethbridge - Open Data - Government,Alberta,https://opendata.arcgis.com/datasets/b22e6a0769e14413b4b71ec5bdc727ae_0,Open Data Licence - Lethbridge,Version 1.0,https://www.lethbridge.ca/Pages/OpenDataLicense.aspx,Contains information made available from the City of Lethbridge under an open data license,2019-05-02,2019-08-29
Open Data,London (Municipality),London - Open Data - Live Music Venues,Ontario,https://opendata.london.ca/datasets/4165357c57ab44b0ac671fff0884d696_10,City of London - Open Data Terms of Use,Custom Licence,http://www.london.ca/city-hall/open-data/Pages/OpenData-TermsofUse.aspx,"?The City of London (City) now grants you a world-wide, royalty-free, non-exclusive license to use, modify, and distribute the data sets in all current and future media and formats for any lawful purpose",2019-11-07,2020-03-10
Open Data,Longeueil (Municipality),Longueuil - Bibliothèques | Ville De Longueuil (French Only),Québec,https://www.longueuil.quebec/fr/donnees-ouvertes/bibliotheques,Creative Commons CC-By Licence,Creative Commons 4.0 (CC),https://www.donneesquebec.ca/fr/licence/#cc-by,Contient de l’information fournie par la ville de Longueuil et visée par CC BY,2019-01-14,2019-09-05
Open Data,Longueuil (Municipality),Organismes - Jeux De Données - Données Québec (French Only),Québec,https://www.donneesquebec.ca/recherche/fr/dataset/organismes,Données Quebéc - License Creative Commons (CC BY) (French Only),Creative Commons 4.0 (CC),https://www.donneesquebec.ca/fr/licence/#cc-by,Contient de l’information fournie par la ville de Longueuil et visée par CC BY,2019-01-14,2020-02-04
Open Data,Maple Ridge (Municipality),Maple Ridge - Open Data - Facilities And Attractions,British Columbia,https://opengov.mapleridge.ca/datasets/facilities-and-attractions,Open Government Licence – Maple Ridge,Version 2.0,http://opengov.mapleridge.ca/pages/open-government-licence,Contains information licensed under the Open Government Licence – Maple Ridge,2020-07-31,2020-03-10
Open Data,Maple Ridge (Municipality),Maple Ridge - Open Data - Business Licences,British Columbia,https://opengov.mapleridge.ca/datasets/business-licences/data,Open Government Licence – Maple Ridge,Version 2.0,http://opengov.mapleridge.ca/pages/open-government-licence,Contains information licensed under the Open Government Licence – Maple Ridge,2020-09-13,2020-03-10
Open Data,Maple Ridge (Municipality),Maple Ridge - Open Data - Facilities And Attractions,British Columbia,https://opendata.arcgis.com/datasets/c64070e12e6a475f99444f8b7ce17800_7,Open Government Licence – Maple Ridge,Version 2.0,http://opengov.mapleridge.ca/pages/open-government-licence,Contains information licensed under the Open Government Licence – Maple Ridge,2018-10-25,2019-10-24
Open Data,Markham (Municipality),City of Markham - Open Data - City Owned Facilities,Ontario,https://opendata.arcgis.com/datasets/d8cee9f1183f4d8f9c731e777782f3a3_0,Open Data Licence - City of Markham,Version 1.0,http://data-markham.opendata.arcgis.com/pages/terms-of-use,Contains public sector Information made available under the City of Markham’s Open Data Licence,2018-12-14,2020-03-05
Open Data,Markham (Municipality),Markham - Open Data - City Owned Facilities,Ontario,http://data-markham.opendata.arcgis.com/datasets/city-owned-facilities/data,Open Data Licence - Markham,Version 2.0,http://data-markham.opendata.arcgis.com/pages/terms-of-use,Contains public sector Information made available under the City of Markham’s Open Data Licence,2018-12-14,2020-03-10
Open Data,Middlesex County (County),Middlesex County - Open Data - Community Services,Ontario,https://opendata.arcgis.com/datasets/2178c7ca99cb4a1987ab341743b02adf_0,Middlesex County - Open Data Terms of Use,,https://data-middlesex.opendata.arcgis.com/datasets/2178c7ca99cb4a1987ab341743b02adf_0#,"The Data is provided &quot;as is&quot;, without warranty, representation or condition of any kind ",2019-04-23,2019-09-05
Open Data,Mississauga (Municipality),City of Mississauga - Open Data - City Libraries,Ontario,https://opendata.arcgis.com/datasets/add911c6f0084a5fb967fb0632b5a4c1_0,City of Mississauga - Open Data Terms of Use,,http://www5.mississauga.ca/research_catalogue/CityofMississauga_TermsofUse.pdf,"The City of Mississauga (the City) now grants you a world?wide, royalty?free, non?exclusive, revocable licence to use, modify, and distribute the Datasets in all current and future media and formats for any lawful purpose",2018-02-03,2020-02-29
Open Data,Mississauga (Municipality),Mississauga - Open Data - 2018 Mississauga Business Directory,Ontario,http://data.mississauga.ca/datasets/2018-mississauga-business-directory/data?geometry=-80.407%2C43.435%2C-78.946%2C43.783,City of Mississauga - Open Data Terms of Use,,http://www5.mississauga.ca/research_catalogue/CityofMississauga_TermsofUse.pdf,"The City of Mississauga (the City) now grants you a world?wide, royalty?free, non?exclusive, revocable
licence to use, modify, and distribute the Datasets in all current and future media and formats for any
lawful purpose",2019-02-12,2020-03-10
Open Data,Mississauga (Municipality),Mississauga - Open Data - City Theatres,Ontario,http://data.mississauga.ca/datasets/city-theatres,City of Mississauga - Open Data Terms of Use,,http://www5.mississauga.ca/research_catalogue/CityofMississauga_TermsofUse.pdf,"The City of Mississauga (the City) now grants you a world?wide, royalty?free, non?exclusive, revocable
licence to use, modify, and distribute the Datasets in all current and future media and formats for any
lawful purpose",2017-02-24,2020-02-04
Open Data,Mississauga (Municipality),Mississauga - Open Data - City Museums,Ontario,http://data.mississauga.ca/datasets/city-museums,City of Mississauga - Open Data Terms of Use,,http://www5.mississauga.ca/research_catalogue/CityofMississauga_TermsofUse.pdf,"The City of Mississauga (the City) now grants you a world?wide, royalty?free, non?exclusive, revocable
licence to use, modify, and distribute the Datasets in all current and future media and formats for any
lawful purpose",2017-02-24,2020-03-10
Open Data,Mississauga (Municipality),Mississauga - Open Data - Art Galleries,Ontario,http://data.mississauga.ca/datasets/art-galleries,City of Mississauga - Open Data Terms of Use,,http://www5.mississauga.ca/research_catalogue/CityofMississauga_TermsofUse.pdf,"The City of Mississauga (the City) now grants you a world?wide, royalty?free, non?exclusive, revocable
licence to use, modify, and distribute the Datasets in all current and future media and formats for any
lawful purpose",2017-02-24,2020-02-04
Open Data,Mississauga (Municipality),Mississauga - Open Data - City Landmarks,Ontario,http://data.mississauga.ca/datasets/city-landmarks,City of Mississauga - Open Data Terms of Use,,http://www5.mississauga.ca/research_catalogue/CityofMississauga_TermsofUse.pdf,"The City of Mississauga (the City) now grants you a world?wide, royalty?free, non?exclusive, revocable
licence to use, modify, and distribute the Datasets in all current and future media and formats for any
lawful purpose",2020-03-17,2020-02-04
Open Data,Moncton (Municipality),Moncton - Open Data - Points Of Interest,New Brunswick,http://open.moncton.ca/datasets/points-of-interest,City of Moncton - Open Data Terms of Use,,http://open.moncton.ca/datasets/open-data-terms-of-use,"The City of Moncton (the City) now grants you a world-wide, royalty-free, non-exclusive licence to use, and distribute the datasets in all current and future media and formats for any lawful purpose",2019-06-27,2020-02-29
Open Data,Moncton (Municipality),Moncton - Open Data - Points Of Interest,New Brunswick,http://open.moncton.ca/datasets/points-of-interest/data,City of Moncton - Open Data Terms of Use,,http://open.moncton.ca/datasets/open-data-terms-of-use,"The City of Moncton (the City) now grants you a world-wide, royalty-free, non-exclusive licence to use, and distribute the datasets in all current and future media and formats for any lawful purpose",2019-09-12,2020-02-04
Open Data,Moncton (Municipality),Moncton - Open Data - Cultural Assets,New Brunswick,http://open.moncton.ca/datasets/cultural-assets,City of Moncton - Open Data Terms of Use,,http://open.moncton.ca/datasets/open-data-terms-of-use,"The City of Moncton (the City) now grants you a world-wide, royalty-free, non-exclusive licence to use, and distribute the datasets in all current and future media and formats for any lawful purpose",2020-01-02,2020-03-10
Open Data,Montreal (Municipality),Lieux Culturels Municipaux De Montréal - Jeux De Données - Données Québec (French Only),Québec,https://www.donneesquebec.ca/recherche/fr/dataset/vmtl-lieux-culturels,Données Quebéc - License Creative Commons (CC BY) (French Only),Creative Commons 4.0 (CC),https://www.donneesquebec.ca/fr/licence/#cc-by,Contient de l’information fournie par la ville de Montreal et visée par CC BY,2020-01-17,2020-03-10
Open Data,Montreal (Municipality),Schéma D'Aménagement Et De Développement - Équipements Collectifs - Jeux De Données - Données Québec (French Only),Québec,https://www.donneesquebec.ca/recherche/fr/dataset/vmtl-schema-equipements-collectifs,Données Quebéc - License Creative Commons (CC BY) (French Only),Creative Commons 4.0 (CC),https://www.donneesquebec.ca/fr/licence/#cc-by,Contient de l’information fournie par la ville de Montreal et visée par CC BY,2029-09-24,2020-02-04
Open Data,Montreal (Municipality),"Équipements Collectifs Et Services Municipaux - Ville-Marie, 2014 - Jeux De Données - Données Québec (French Only)",Québec,https://www.donneesquebec.ca/recherche/fr/dataset/vmtl-equipements-collectifs-et-services-municipaux-ville-marie-2014#avertissementTelechargement_c48a5a33_6332_4f8d_ab09_8fb0f563bf30,Données Quebéc - License Creative Commons (CC BY) (French Only),Creative Commons 4.0 (CC),https://www.donneesquebec.ca/fr/licence/#cc-by,Contient de l’information fournie par la ville de Montreal et visée par CC BY,2017-08-02,2020-02-04
Open Data,Montreal (Municipality),Lieux Culturels Municipaux De Montréal - Ensembles De Données - Portail Données Ouvertes (French Only),Québec,http://donnees.ville.montreal.qc.ca/dataset/ceb2427e-aa50-4d06-b13a-d1b21e2702b9/,Creative Commons CC-By Licence,Version 4.0,http://creativecommons.org/licenses/by/4.0/,Licensed from the City of Montreal under a Creative Commons CC-BY license,2019-02-18,2019-08-29
Open Data,Nanaimo (Municipality),Nanaimo - Open Data - Business Licences | Nanaimo Data Catalogue,British Columbia,https://www.nanaimo.ca/open-data-catalogue/DataBrowser/nanaimo/BusinessLicences#,Open Government Licence – Nanaimo,Version 2.0,https://www.nanaimo.ca/your-government/maps-data/open-data-catalogue/open-data-catalogue-licence,Contains information licenced under the Open Government Licence – Nanaimo,2010-12-28,2020-02-11
Open Data,Nanaimo (Municipality),Nanaimo - Open Data - Facilities | Nanaimo Data Catalogue,British Columbia,https://www.nanaimo.ca/open-data-catalogue/DataBrowser/nanaimo/Facilities#,Open Government Licence – Nanaimo,Version 2.0,https://www.nanaimo.ca/your-government/maps-data/open-data-catalogue/open-data-catalogue-licence,Contains information licenced under the Open Government Licence – Nanaimo,2015-05-25,2020-02-04
Open Data,New Westminster (Municipality),New Westminster - Open Data - Artists,British Columbia,http://opendata.newwestcity.ca/datasets/artists,Open Government Licence - City of New Westminster,Version 2.0,http://opendata.newwestcity.ca/licence,Contains information licenced under the Open Government Licence - City of New Westminster,2019-09-18,2020-02-04
Open Data,New Westminster (Municipality),New Westminster - Open Data - Business Licenses (Active - Resident),British Columbia,http://opendata.newwestcity.ca/datasets/business-license-active-resident,Open Government Licence - City of New Westminster,Version 2.0,http://opendata.newwestcity.ca/licence,Contains information licenced under the Open Government Licence - City of New Westminster,2020-09-22,2020-02-04
Open Data,New Westminster (Municipality),New Westminster - Open Data - Cultural Buildings,British Columbia,http://opendata.newwestcity.ca/datasets/cultural-buildings,Open Government Licence - City of New Westminster,Version 2.0,http://opendata.newwestcity.ca/licence,Contains information licenced under the Open Government Licence - City of New Westminster,2020-09-22,2020-02-04
Open Data,New Westminster (Municipality),New Westminster - Open Data - Creative Industries,British Columbia,http://opendata.newwestcity.ca/datasets/creative-industries,Open Government Licence - City of New Westminster,Version 2.0,http://opendata.newwestcity.ca/licence,Contains information licenced under the Open Government Licence - City of New Westminster,2020-09-12,2020-03-12
Open Data,New Westminster (Municipality),New Westminster - Open Data - Cultural Organizations,British Columbia,http://opendata.newwestcity.ca/datasets/cultural-organizations,Open Government Licence - City of New Westminster,Version 2.0,http://opendata.newwestcity.ca/licence,Contains information licenced under the Open Government Licence - City of New Westminster,2020-09-12,2020-02-04
Open Data,New Westminster (Municipality),New Westminster - Open Data - Cultural Venues,British Columbia,http://opendata.newwestcity.ca/datasets/cultural-venues,Open Government Licence - City of New Westminster,Version 2.0,http://opendata.newwestcity.ca/licence,Contains information licenced under the Open Government Licence - City of New Westminster,2020-09-12,2020-02-04
Open Data,New Westminster (Municipality),New Westminster - Open Data - Cultural Buildings,British Columbia,http://opendata.newwestcity.ca/datasets/cultural-buildings,Open Government Licence - City of New Westminster,Version 1.0,http://opendata.newwestcity.ca/licence,Contains information licenced under the Open Government Licence - City of New Westminster,Unknown,2019-08-29
Open Data,Newfoundland and Labrador (Province),Government of Newfoundland and Labrador - Public Libraries | Open Data Newfoundland And Labrador,Newfoundland and Labrador,https://opendata.gov.nl.ca/public/opendata/page/?page-id=datasetdetails&id=85,Open Government Licence - Newfoundland and Labrador,Version 1.0,https://opendata.gov.nl.ca/public/opendata/page/?page-id=licence,Contains information licensed under the Open Government Licence - Newfoundland and Labrador,2013-12-13,2020-03-05
Open Data,Newmarket (Municipality),City of Newmarket - Open Data - Opennewmarket - Landmarks,Ontario,http://open.newmarket.ca/opendata/navigo/#/show/5d35a2d4806c2dd0?disp=D156E60C6F85&shard=open.newmarket.ca%2Fopendata%2Fsolr%2Fv0,Open Data Licence – Town of Newmarket,Version 1.0,https://www.newmarket.ca/TownGovernment/Documents/Newmarket_OpenData_Licence.pdf,Contains information licensed under the Open Data Licence – Town of Newmarket,Unknown,2020-03-10
Open Data,Niagara Falls (Municipality),Niagara Falls - Open Data - City Facilities Dataset - Niagara Falls Opendata,Ontario,https://niagarafalls.ca/services/open/data/462-city-facilities.od,City of Niagara Falls - Open Data Terms of Use,,https://niagarafalls.ca/services/open/terms-and-conditions.aspx,"The City of Niagara Falls (City) now grants you a world-wide, royalty-free, non-exclusive licence to use, modify, and distribute the datasets in all current and future media and formats for any lawful purpose",2018-02-05,2020-02-04
Open Data,Niagara Falls (Municipality),Niagara Falls - Open Data - Community Services Dataset - Niagara Falls Opendata,Ontario,https://niagarafalls.ca/services/open/data/47-community-services.od,City of Niagara Falls - Open Data Terms of Use,,https://niagarafalls.ca/services/open/terms-and-conditions.aspx,"The City of Niagara Falls (City) now grants you a world-wide, royalty-free, non-exclusive licence to use, modify, and distribute the datasets in all current and future media and formats for any lawful purpose",2016-05-09,2020-02-04
Open Data,Niagara Falls (Municipality),Niagara Falls - Open Data - Library Dataset - Niagara Falls Opendata,Ontario,https://niagarafalls.ca/services/open/data/753-library.od,City of Niagara Falls - Open Data Terms of Use,,https://niagarafalls.ca/services/open/terms-and-conditions.aspx,"The City of Niagara Falls (City) now grants you a world-wide, royalty-free, non-exclusive licence to use, modify, and distribute the datasets in all current and future media and formats for any lawful purpose",2016-09-30,2019-09-05
Open Data,Niagara Region (Municipality),Niagara Region - Museums - Datasets - Niagara Open Data,Ontario,https://niagaraopendata.ca/dataset/museums,Open Government Licence - Niagara Region,,https://niagaraopendata.ca/pages/open-government-license-2-0-niagara-region,Contains information licensed under the Open Government Licence - Niagara Region,2016-06-22,2020-02-04
Open Data,Niagara Region (Municipality),Niagara Region - Libraries - Datasets - Niagara Open Data,Ontario,https://niagaraopendata.ca/dataset/c35c84b8-f07e-47e9-b45e-bb8280ac6b9f/,Open Government Licence - Niagara Region,Version 2.0,https://niagaraopendata.ca/pages/open-government-license-2-0-niagara-region,Contains information licensed under the Open Government Licence - Niagara Region,2017-05-23,2020-03-05
Open Data,Norfolk County (County),Norfolk County - Open Data - Museums,Ontario,http://opendata.norfolkcounty.ca/datasets/museums,Open Data Licence - Norfolk County,Custom Licence,http://opendata.norfolkcounty.ca/datasets/building-footprints,Contains public sector Information made available under Norfolk County's Open Data Licence,2020-09-12,2020-02-04
Open Data,Norfolk County (County),Norfolk County - Open Data - Libraries,Ontario,https://opendata.arcgis.com/datasets/2764b00edc454ffaad3a591f6cb90233_0,Open Data Licence - Norfolk County,,http://opendata.norfolkcounty.ca/datasets/libraries,Contains public sector Information made available under Norfolk County's Open Data Licence,2019-04-18,2020-02-29
Open Data,North Frontenac (Municipality),North Frontenac - Dataset | North Frontenac Township Open Data,Ontario,http://data-nftwp.opendata.arcgis.com/datasets/56b05e69657947309ffc52469708b182_1,Open Government Licence - North Frontenac,Version 1.0,https://www.northfrontenac.com/opendata-licence.html,Contains information licensed under the Open Government Licence - North Frontenac,3 years ago,2020-02-29
Open Data,Nova Scotia (Province),Government of Nova Scotia - Nova Scotia Public Library Branches And Contact Information | Open Data | Nova Scotia,Nova Scotia,https://data.novascotia.ca/Communities-and-Social-Services/Nova-Scotia-Public-Library-Branches-and-Contact-In/btmb-pp7q,Open Government Licence – Nova Scotia,Version 1.0,https://novascotia.ca/opendata/licence.asp,Contains information licensed under the Open Government Licence – Nova Scotia,2019-05-06,2020-03-10
Open Data,Oakville (Municipality),Oakville - Open Data - Town Facilities,Ontario,https://portal-exploreoakville.opendata.arcgis.com/datasets/town-facilities/data?page=10,Open Government Licence — Town of Oakville,Version 2.0,https://www.oakville.ca/data/open_data_licence.html,Contains information licensed under the Open Government Licence — Town of Oakville,2017-12-18,2020-02-04
Open Data,Oakville (Municipality),Oakville - Open Data - Town Facilities,Ontario,https://opendata.arcgis.com/datasets/ad818e6a80b941c89108d724a642d238_0,Open Government Licence — Town of Oakville,Version 2.0,https://www.oakville.ca/data/open_data_licence.html,Contains information licensed under the Open Government Licence — Town of Oakville,2017-12-18,2019-08-30
Open Data,Ontario (Province),Government of Ontario - Open Data - Ontario Public Library Statistics - 2018 - Ontario Data Catalogue,Ontario,https://data.ontario.ca/dataset/ontario-public-library-statistics/resource/cc17e08e-3879-4aa6-8949-565330af8dbf?inner_span=True,Open Government Licence – Ontario,Version 1.0,https://www.ontario.ca/page/open-government-licence-ontario,Contains information licensed under the Open Government Licence – Ontario,2019-07-08,2020-03-10
Open Data,Ottawa (Municipality),Ottawa - Open Data - Library Locations and Hours (Ottawa Public Libraries) API | Open Ottawa,Ontario,http://data.ottawa.ca/dataset/library-locations-and-hours-ottawa-public-libraries/resource/c9bc184c-ac3b-493d-81eb-9df0c37fbaee,Open Government Licence – City of Ottawa,Version 2.0,https://ottawa.ca/en/city-hall/get-know-your-city/open-data#open-data-licence-version-2-0,Contains information licensed under the Open Government Licence – City of Ottawa,2013-04-24,2020-03-05
Open Data,Ottawa (Municipality),Ottawa - Open Data - Arts And Culture,Ontario,https://open.ottawa.ca/datasets/arts-and-culture/data?geometry=-77.229%2C44.966%2C-74.367%2C45.642,Open Government Licence – City of Ottawa,Version 2.0,https://ottawa.ca/en/city-hall/get-know-your-city/open-data#open-data-licence-version-2-0,Contains information licensed under the Open Government Licence – City of Ottawa,2020-09-22,2020-02-04
Open Data,Ottawa (Municipality),Ottawa - Open Data - Landmarks OC Transpo's Travel Planner,Ontario,https://open.ottawa.ca/datasets/landmarks-oc-transpos-travel-planner/data?geometry=-77.200%2C45.025%2C-74.338%2C45.700&page=19,Open Government Licence – City of Ottawa,Version 2.0,https://ottawa.ca/en/city-hall/get-know-your-city/open-data#open-data-licence-version-2-0,Contains information licensed under the Open Government Licence – City of Ottawa,2019-07-04,2020-02-04
Open Data,Ottawa (Municipality),Ottawa - Open Data - Organizations,Ontario,https://open.ottawa.ca/datasets/organizations/data?geometry=-77.149%2C44.983%2C-74.287%2C45.659,Open Government Licence – City of Ottawa,Version 2.0,https://ottawa.ca/en/city-hall/get-know-your-city/open-data#open-data-licence-version-2-0,Contains information licensed under the Open Government Licence – City of Ottawa,2019-06-28,2020-03-10
Open Data,Ottawa (Municipality),Ottawa - Open Data - Cultural Facilities,Ontario,https://open.ottawa.ca/datasets/cultural-facilities?page=9,Open Government Licence – City of Ottawa,Version 2.0,https://ottawa.ca/en/city-hall/get-know-your-city/open-data#open-data-licence-version-2-0,Contains information licensed under the Open Government Licence – City of Ottawa,2019-07-19,2020-02-04
Open Data,Ottawa (Municipality),Ottawa - Open Data - Cultural Businesses,Ontario,https://open.ottawa.ca/datasets/cultural-businesses,Open Government Licence – City of Ottawa,Version 2.0,https://ottawa.ca/en/city-hall/get-know-your-city/open-data#open-data-licence-version-2-0,Contains information licensed under the Open Government Licence – City of Ottawa,2019-10-29,2020-02-04
Open Data,Peel Region (Municipality),Peel Region - Open Data | Data Categories | Facilities And Structures | Landmarks,Ontario,http://opendata.peelregion.ca/data-categories/facilities-and-structures/landmarks.aspx,Open Data Licence - Peel Region,Creative Commons 4.0 (CC),http://opendata.peelregion.ca/terms-of-use.aspx,Contains public sector Information made available under The Regional Municipality of Peel's Open Data Licence - Version 10,2019-07-29,2020-02-04
Open Data,Peel Region (Municipality),Peel Region - Open Data - Data Portal - Region Of Peel,Ontario,http://opendata.peelregion.ca/media/11055/landmarks_csv,Open Data Licence - Peel Region,Version 1.0,https://data.peelregion.ca/pages/license,Contains public sector Information made available under The Regional Municipality of Peel's Open Data Licence - Version 10,Unknown,2019-08-30
Open Data,Pickering (Municipality),Pickering - Open Data - Durham Region - Community Services,Ontario,http://opendata.pickering.ca/datasets/DurhamRegion::community-services,Open Data Licence 10 - City of Pickering,Version 1.0,https://www.pickering.ca/en/city-hall/maps-and-open-data.aspx#,Contains information licensed under the Open Data Licence 10 - City of Pickering,2018-06-04,2020-02-04
Open Data,Pickering (Municipality),Pickering - Open Data - Pickering - Community Services,Ontario,http://opendata.pickering.ca/datasets/3b0c4830a24640c786e31241451fb466_2?page=3,Open Data Licence 10 - City of Pickering,Version 1.0,https://www.pickering.ca/en/city-hall/maps-and-open-data.aspx#,Contains information licensed under the Open Data Licence 10 - City of Pickering,2018-05-09,2020-03-10
Open Data,Port Moody (Municipality),Port Moody - Open Data - City Facilities,British Columbia,https://data.portmoody.ca/datasets/9a77a2f934144cdebb72c0f179a59e36_104/data,Open Government Licence – Port Moody,Version 2.0,http://www.portmoody.ca/index.aspx?page=1354,Contains information licensed under the Open Government Licence – Port Moody,2020-09-07,2020-03-10
Open Data,Port Moody (Municipality),Port Moody - Open Data - Business Licences,British Columbia,https://data.portmoody.ca/datasets/b82634bcf4b247cebaa3096a487ba6f8_0,Open Government Licence – Port Moody,Version 2.0,http://www.portmoody.ca/index.aspx?page=1354,Contains information licensed under the Open Government Licence – Port Moody,2020-09-11,2020-03-10
Open Data,Prince George (Municipality),Prince George - Open Data - Business License,British Columbia,https://data-cityofpg.opendata.arcgis.com/datasets/business-license,Open Government Licence – City of Prince George,Version 2.0,http://pgmap.princegeorge.ca/opendata/CityofPrinceGeorge_Open_Government_License_Open_Data.pdf,Containsinformation licensed under the Open Government License – City of Prince George,2020-03-30,2020-03-10
Open Data,Province of Newfoundland and Labrador (Province),Province of Newfoundland and Labrador - Dataset Details | Open Data Newfoundland And Labrador | Arts and Culture Centres,Newfoundland and Labrador,https://opendata.gov.nl.ca/public/opendata/page/?page-id=datasetdetails&id=84,Open Government Licence - Newfoundland and Labrador,Version 2.0,https://opendata.gov.nl.ca/public/opendata/page/?page-id=licence,Contains information licensed under the Open Government Licence - Newfoundland and Labrador,2014-02-24,2020-02-11
Open Data,Province of Nova Scotia (Province),Province of Nova Scotia - Nova Scotia Museum - Locations Map | Open Data | Nova Scotia,Nova Scotia,https://data.novascotia.ca/Arts-Culture-and-History/Nova-Scotia-Museum-Locations-Map/57fm-m8a8,Open Government Licence – Nova Scotia,Version 1.0,https://novascotia.ca/opendata/licence.asp,Contains information licensed under the Open Government Licence – Nova Scotia,2019-02-15,2020-02-11
Open Data,Québec (Province),Attraits Touristiques Au Québec - Jeux De Données - Données Québec (French Only),Québec,https://www.donneesquebec.ca/recherche/fr/dataset/attraits-touristiques-au-quebec,Données Quebéc - License Creative Commons (CC BY) (French Only),Creative Commons 4.0 (CC),https://creativecommons.org/licenses/by-nc-sa/4.0/deed.fr,"Vous devez créditer l'Œuvre, intégrer un lien vers la licence et indiquer si des modifications ont été effectuées à l'Oeuvre",Weekly,2020-02-04
Open Data,Québec (Province),Institutions Muséales Reconnues Ou Soutenues Au Fonctionnement - Jeux De Données - Données Québec (French Only),Québec,https://www.donneesquebec.ca/recherche/fr/dataset/institutions-museales-reconnues-ou-soutenues-au-fonctionnement,Données Quebéc - License Creative Commons (CC BY) (French Only),Creative Commons 4.0 (CC),https://creativecommons.org/licenses/by-nc-sa/4.0/deed.fr,"Vous devez créditer l'Œuvre, intégrer un lien vers la licence et indiquer si des modifications ont été effectuées à l'Oeuvre",2019-12-06,2020-02-11
Open Data,Québec (Province),Institutions Muséales Du Guide Des Musées Du Québec - Jeux De Données - Données Québec (French Only),Québec,https://www.donneesquebec.ca/recherche/fr/dataset/institutions-museales-du-guide-des-musees-du-quebec,Données Quebéc - License Creative Commons (CC BY) (French Only),Creative Commons 4.0 (CC),https://creativecommons.org/licenses/by-nc-sa/4.0/deed.fr,"Vous devez créditer l'Œuvre, intégrer un lien vers la licence et indiquer si des modifications ont été effectuées à l'Oeuvre",2019-10-28,2020-02-04
Open Data,Québec (Province),Services Touristiques Au Québec - Jeux De Données - Données Québec (French Only),Québec,https://www.donneesquebec.ca/recherche/fr/dataset/services-touristiques-au-quebec,Données Quebéc - License Creative Commons (CC BY) (French Only),Creative Commons 4.0 (CC),https://creativecommons.org/licenses/by-nc-sa/4.0/deed.fr,"Vous devez créditer l'Œuvre, intégrer un lien vers la licence et indiquer si des modifications ont été effectuées à l'Oeuvre",Weekly,2020-02-04
Open Data,Quebec City (Municipality),Lieux Publics - Jeux De Données - Données Québec (French Only),Québec,https://www.donneesquebec.ca/recherche/fr/dataset/vque_14,Données Quebéc - License Creative Commons (CC BY) (French Only),Creative Commons 4.0 (CC),https://www.donneesquebec.ca/fr/licence/#cc-by,Contient de l’information fournie par la ville de MQuebec et visée par CC BY,Daily,2020-02-04
Open Data,Quebec City (Municipality),Lieux Publics - Jeux De Données - Données Québec (French Only),Québec,https://www.donneesquebec.ca/recherche/dataset/daa10606-5fdd-4c9b-b5ef-235081690b6e/,Données Quebéc - License Creative Commons (CC BY) (French Only),Creative Commons 4.0 (CC),https://www.donneesquebec.ca/fr/licence/#cc-by,Contient de l’information fournie par la ville de Quebec et visée par CC BY,2019-08-13,2019-09-12
Open Data,Red Deer (Municipality),Red Deer - Points Of Interest - Red Deer Open Data,Alberta,https://data.reddeer.ca/pointsofinterest,Open Data Licence - Red Deer,Version 1.0,http://data.reddeer.ca/About,Contains information made available from the City of Red Deer under an open data license,Monthly,2020-03-17
Open Data,Reginoal Municipality of Durham (Municipality),Reginal Municipality of Durham - Open Data - Community Services,Ontario,https://opendata.arcgis.com/datasets/5e3efef8712d4538ad5ed2b068bac601_4,Open Data Licence - Reginoal Municipality of Durham,Version 1.0,https://www.durham.ca/en/regional-government/resources/Documents/OpenDataLicenceAgreement.pdf,Contains public sector Information made available under The Regional Municipality of Durham's Open Data Licence,2019-08-27,2020-02-29
Open Data,Regional Municipality of Waterloo (Municipality),Regional Municipality of Waterloo - Open Data - Libraries,Ontario,https://opendata.arcgis.com/datasets/d137da7d38c14b3aa0fd42ab3a4cebad_0,Regional Municipality of Waterloo - Open Data Terms of Use,Version 1.0,https://www.regionofwaterloo.ca/en/regional-government/open-data.aspx,Contains information provided by the Regional Municipality of Waterloo under licence,2019-07-01,2020-03-05
Open Data,Repentigny (Municipality),Bibliothèques - Jeux De Données - Données Québec (French Only),Québec,https://www.donneesquebec.ca/recherche/dataset/8895a2b9-6501-4e54-93d0-f1ba18590d9a/,Données Quebéc - License Creative Commons (CC BY) (French Only),Creative Commons 4.0 (CC),https://www.donneesquebec.ca/fr/licence/#cc-by,Contient de l’information fournie par la ville de Repentigny et visée par CC BY,2019-01-14,2019-09-05
Open Data,Repentigny (Municipality),Places D'Intérêt - Jeux De Données - Données Québec (French Only),Québec,https://www.donneesquebec.ca/recherche/fr/dataset/places-interet,Données Quebéc - License Creative Commons (CC BY) (French Only),Creative Commons 4.0 (CC),https://www.donneesquebec.ca/fr/licence/#cc-by,Contient de l’information fournie par la ville de Repentigny et visée par CC BY,2019-01-14,2020-02-04
Open Data,Repentigny (Municipality),Bâtiments Municipaux - Jeux De Données - Données Québec (French Only),Québec,https://www.donneesquebec.ca/recherche/fr/dataset/batiment-municipal,Données Quebéc - License Creative Commons (CC BY) (French Only),Creative Commons 4.0 (CC),https://www.donneesquebec.ca/fr/licence/#cc-by,Contient de l’information fournie par la ville de Repentigny et visée par CC BY,2019-01-14,2020-02-04
Open Data,Rimouski (Municipality),Lieux Publics - Jeux De Données - Données Québec (French Only),Québec,https://www.donneesquebec.ca/recherche/fr/dataset/lieux-publics,Données Quebéc - License Creative Commons (CC BY) (French Only),Creative Commons 4.0 (CC),https://www.donneesquebec.ca/fr/licence/#cc-by,Contient de l’information fournie par la ville de Rimouski et visée par CC BY,2020-02-04,2020-02-04
Open Data,Rimouski (Municipality),Édifices Municipaux - Jeux De Données - Données Québec (French Only),Québec,https://www.donneesquebec.ca/recherche/fr/dataset/1cf3dfaf-6cf8-47e5-bc46-5b68887d24bc/,Données Quebéc - License Creative Commons (CC BY) (French Only),Creative Commons 4.0 (CC),https://www.donneesquebec.ca/fr/licence/#cc-by,Contient de l’information fournie par la ville de Rimouski et visée par CC BY,2019-02-21,2019-09-10
Open Data,Saanich (Municipality),Saanich - Open Data - Facilities,British Columbia,https://www.saanich.ca/EN/main/local-government/data-catalogue-1.html,Open Government Licence – District of Saanich,Version 2,https://www.saanich.ca/assets/Local~Government/Documents/SaanichDataCatalogueLicence.pdf,Contains information licenced under the Open Government Licence – District of Saanich,Unknown,2019-09-05
Open Data,Saint John (Municipality),Saint John - Open Data - Art Galleries,New Brunswick,http://catalogue-saintjohn.opendata.arcgis.com/datasets/art-galleries?geometry=-66.104%2C45.268%2C-65.989%2C45.289,Open Government Licence – City of Saint John,Version 2.0,https://ago-item-storage.s3.us-east-1.amazonaws.com/2b0da92076ce4cf48cda63a86fdc316f/Open_Data_Policy-2015-v.01-MAR-02.pdf?X-Amz-Security-Token=AgoJb3JpZ2luX2VjEL3%2F%2F%2F%2F%2F%2F%2F%2F%2F%2FwEaCXVzLWVhc3QtMSJIMEYCIQD%2BGcaR5MOqHKo3L4A20x9Tq7BgSLu8KGBwIiqxzFvZlQIhAIZfZLco%2FkqvGyXlU9eEdaa1%2FGDGhjCwIVIIkFkZ32ToKtoDCGUQABoMNjA0NzU4MTAyNjY1Igx3sb%2BuDpx87jeBQigqtwP5t%2BS7xYLnACS577ZqQG6dkfXeyC2VdaAs2ndZMljVoF8mSfQg0QkLg4wkKdFxNnLQ7YQ5nxFknRCfH6SIDvE%2F%2FC%2BNAw8cCVB0xJI%2FBlVXUp6MmYN8P7UC8zS1ZIF58Zo2Un1oymrXWXbc0jQfoxtE%2BWtUyCArHDJpEle0Ce5YKoPHa%2F8nx%2BGs%2BZbARhDvAPVJADAcck%2BjsJm38I5FaeSW%2FVdmb5Pzn0IJTidAtqcGPuxiH9nDWgigb2xUF5QB4T1omd6VoRLsURgrwwGi5KE919yX5HiRLxJ6ottIYTCl7T30h6a6n131z2FgO41dl%2FQhz%2FlBW4WBHz4SmzV2nJHBjAgv4PwrhUVPm3GUhu%2FfS3uPvC5sp5UPLarJz5zzASUv4q8djXKAlMxJyIOAmAhGQhYvGcFclCbINLHwsYQOwTGI1xzLjnbUZLYYyje03yNIpRQxQuyJRovelKU96x0rGYZNo28JEDvJn6zgIOzBpHdAOj%2FSPRf3P1kL1q02fSFoTvvt8ZJjltMIGcmY6DWd8Cq4goMjtykMFcb39FzT7cHiW5793x81XCK%2FpcW46rp%2BWoYXT8PmMNKhlusFOrMBLE45LbXGrHOk%2F9RWkEVqAa6QBIvsjPA9%2FIhMhAo2ZIpjsaJBz2VvZvsoB%2BC70TV%2Fs4GO5QNEfs24IL9Ei2IQqTPy0Av5EgWZzzLrITWuc3qWiwozEeAhwKdOl4blXDU5Jgpc2%2BCyPP3U6B32chztVQ9Wc0Lj9YFAS%2B2MvtsJHHhS4JZrGgsfbLn%2BKdMinzMDh88V6zQLZ3gkwFx09oVqawYTT7ep566PZVTt0JG84UY9984%3D&X-Amz-Algorithm=AWS4-HMAC-SHA256&X-Amz-Date=20190827T213225Z&X-Amz-SignedHeaders=host&X-Amz-Expires=300&X-Amz-Credential=ASIAYZTTEKKEUSDO7WEY%2F20190827%2Fus-east-1%2Fs3%2Faws4_request&X-Amz-Signature=42c6a5f3ac5581899257f0521e7c6d0cb8ecef07ed56cb5bc88456bb2bfb6f9a,Contains information licensed under the Open Government Licence – City of Saint John,2020-04-30,2020-02-11
Open Data,Saint John (Municipality),Saint John - Open Data - Theatres,New Brunswick,http://catalogue-saintjohn.opendata.arcgis.com/datasets/theatres,Open Government Licence – City of Saint John,Version 1.0,https://ago-item-storage.s3.us-east-1.amazonaws.com/2b0da92076ce4cf48cda63a86fdc316f/Open_Data_Policy-2015-v.01-MAR-02.pdf?X-Amz-Security-Token=AgoJb3JpZ2luX2VjEL3%2F%2F%2F%2F%2F%2F%2F%2F%2F%2FwEaCXVzLWVhc3QtMSJIMEYCIQD%2BGcaR5MOqHKo3L4A20x9Tq7BgSLu8KGBwIiqxzFvZlQIhAIZfZLco%2FkqvGyXlU9eEdaa1%2FGDGhjCwIVIIkFkZ32ToKtoDCGUQABoMNjA0NzU4MTAyNjY1Igx3sb%2BuDpx87jeBQigqtwP5t%2BS7xYLnACS577ZqQG6dkfXeyC2VdaAs2ndZMljVoF8mSfQg0QkLg4wkKdFxNnLQ7YQ5nxFknRCfH6SIDvE%2F%2FC%2BNAw8cCVB0xJI%2FBlVXUp6MmYN8P7UC8zS1ZIF58Zo2Un1oymrXWXbc0jQfoxtE%2BWtUyCArHDJpEle0Ce5YKoPHa%2F8nx%2BGs%2BZbARhDvAPVJADAcck%2BjsJm38I5FaeSW%2FVdmb5Pzn0IJTidAtqcGPuxiH9nDWgigb2xUF5QB4T1omd6VoRLsURgrwwGi5KE919yX5HiRLxJ6ottIYTCl7T30h6a6n131z2FgO41dl%2FQhz%2FlBW4WBHz4SmzV2nJHBjAgv4PwrhUVPm3GUhu%2FfS3uPvC5sp5UPLarJz5zzASUv4q8djXKAlMxJyIOAmAhGQhYvGcFclCbINLHwsYQOwTGI1xzLjnbUZLYYyje03yNIpRQxQuyJRovelKU96x0rGYZNo28JEDvJn6zgIOzBpHdAOj%2FSPRf3P1kL1q02fSFoTvvt8ZJjltMIGcmY6DWd8Cq4goMjtykMFcb39FzT7cHiW5793x81XCK%2FpcW46rp%2BWoYXT8PmMNKhlusFOrMBLE45LbXGrHOk%2F9RWkEVqAa6QBIvsjPA9%2FIhMhAo2ZIpjsaJBz2VvZvsoB%2BC70TV%2Fs4GO5QNEfs24IL9Ei2IQqTPy0Av5EgWZzzLrITWuc3qWiwozEeAhwKdOl4blXDU5Jgpc2%2BCyPP3U6B32chztVQ9Wc0Lj9YFAS%2B2MvtsJHHhS4JZrGgsfbLn%2BKdMinzMDh88V6zQLZ3gkwFx09oVqawYTT7ep566PZVTt0JG84UY9984%3D&X-Amz-Algorithm=AWS4-HMAC-SHA256&X-Amz-Date=20190827T213225Z&X-Amz-SignedHeaders=host&X-Amz-Expires=300&X-Amz-Credential=ASIAYZTTEKKEUSDO7WEY%2F20190827%2Fus-east-1%2Fs3%2Faws4_request&X-Amz-Signature=42c6a5f3ac5581899257f0521e7c6d0cb8ecef07ed56cb5bc88456bb2bfb6f9a,Contains information licensed under the Open Government Licence – City of Saint John,2020-05-28,2020-03-10
Open Data,Saint John (Municipality),Saint John - Open Data - Museums,New Brunswick,http://catalogue-saintjohn.opendata.arcgis.com/datasets/museums,Open Government Licence – City of Saint John,Version 1.0,https://ago-item-storage.s3.us-east-1.amazonaws.com/2b0da92076ce4cf48cda63a86fdc316f/Open_Data_Policy-2015-v.01-MAR-02.pdf?X-Amz-Security-Token=AgoJb3JpZ2luX2VjEL3%2F%2F%2F%2F%2F%2F%2F%2F%2F%2FwEaCXVzLWVhc3QtMSJIMEYCIQD%2BGcaR5MOqHKo3L4A20x9Tq7BgSLu8KGBwIiqxzFvZlQIhAIZfZLco%2FkqvGyXlU9eEdaa1%2FGDGhjCwIVIIkFkZ32ToKtoDCGUQABoMNjA0NzU4MTAyNjY1Igx3sb%2BuDpx87jeBQigqtwP5t%2BS7xYLnACS577ZqQG6dkfXeyC2VdaAs2ndZMljVoF8mSfQg0QkLg4wkKdFxNnLQ7YQ5nxFknRCfH6SIDvE%2F%2FC%2BNAw8cCVB0xJI%2FBlVXUp6MmYN8P7UC8zS1ZIF58Zo2Un1oymrXWXbc0jQfoxtE%2BWtUyCArHDJpEle0Ce5YKoPHa%2F8nx%2BGs%2BZbARhDvAPVJADAcck%2BjsJm38I5FaeSW%2FVdmb5Pzn0IJTidAtqcGPuxiH9nDWgigb2xUF5QB4T1omd6VoRLsURgrwwGi5KE919yX5HiRLxJ6ottIYTCl7T30h6a6n131z2FgO41dl%2FQhz%2FlBW4WBHz4SmzV2nJHBjAgv4PwrhUVPm3GUhu%2FfS3uPvC5sp5UPLarJz5zzASUv4q8djXKAlMxJyIOAmAhGQhYvGcFclCbINLHwsYQOwTGI1xzLjnbUZLYYyje03yNIpRQxQuyJRovelKU96x0rGYZNo28JEDvJn6zgIOzBpHdAOj%2FSPRf3P1kL1q02fSFoTvvt8ZJjltMIGcmY6DWd8Cq4goMjtykMFcb39FzT7cHiW5793x81XCK%2FpcW46rp%2BWoYXT8PmMNKhlusFOrMBLE45LbXGrHOk%2F9RWkEVqAa6QBIvsjPA9%2FIhMhAo2ZIpjsaJBz2VvZvsoB%2BC70TV%2Fs4GO5QNEfs24IL9Ei2IQqTPy0Av5EgWZzzLrITWuc3qWiwozEeAhwKdOl4blXDU5Jgpc2%2BCyPP3U6B32chztVQ9Wc0Lj9YFAS%2B2MvtsJHHhS4JZrGgsfbLn%2BKdMinzMDh88V6zQLZ3gkwFx09oVqawYTT7ep566PZVTt0JG84UY9984%3D&X-Amz-Algorithm=AWS4-HMAC-SHA256&X-Amz-Date=20190827T213225Z&X-Amz-SignedHeaders=host&X-Amz-Expires=300&X-Amz-Credential=ASIAYZTTEKKEUSDO7WEY%2F20190827%2Fus-east-1%2Fs3%2Faws4_request&X-Amz-Signature=42c6a5f3ac5581899257f0521e7c6d0cb8ecef07ed56cb5bc88456bb2bfb6f9a,Contains information licensed under the Open Government Licence – City of Saint John,2020-05-01,2020-03-10
Open Data,Saskatoon (Municipality),City of Saskatoon - Open Data - AED Locations,Saskatchewan,http://opendata-saskatoon.cloudapp.net/DataBrowser/SaskatoonOpenDataCatalogueBeta/AEDLocations#param=NOFILTER--DataView--Results,No License Provided,,http://opendata-saskatoon.cloudapp.net/TermsOfUse/TermsOfUse,The City of Saskatoon is currently investigating options for formal open data licensing,2016-06-23,2019-08-29
Open Data,Shawinigan (Municipality),Ville de Shawinigan - Bibliothèques (French Only),Québec,http://donnees-shawinigan.opendata.arcgis.com/datasets/bedaa318ea214e0abed5bfc2c82628a6_0,Données Quebéc - License Creative Commons (CC BY) (French Only),Creative Commons 4.0 (CC),https://www.donneesquebec.ca/fr/licence/#cc-by,Contient de l’information fournie par la ville de Shawinigan et visée par CC BY,2019-03-20,2019-08-29
Open Data,Sherbrooke (Municipality),Quoi Faire? - Jeux De Données - Données Québec (French Only),Québec,https://www.donneesquebec.ca/recherche/fr/dataset/quoi-faire,Données Quebéc - License Creative Commons (CC BY) (French Only),Creative Commons 4.0 (CC),https://www.donneesquebec.ca/fr/licence/#cc-by,Contient de l’information fournie par la ville de Shawinigan et visée par CC BY,2019-01-14,2020-03-10
Open Data,Sherbrooke (Municipality),Bibliothèques - Liste Et Horaires - Jeux De Données - Données Québec (French Only),Québec,https://www.donneesquebec.ca/recherche/dataset/6ac132a0-a1b6-430f-934b-c8a640f3575c/,Données Quebéc - License Creative Commons (CC BY) (French Only),Creative Commons 4.0 (CC),https://www.donneesquebec.ca/fr/licence/#cc-by,Contient de l’information fournie par la ville de Sherbrooke et visée par CC BY,2019-01-14,2019-09-12
Open Data,St. Albert (Municipality),City of St. Albert - Open Data - Cultural Facilities,Alberta,https://opendata.arcgis.com/datasets/867601a480194c2a8b8dc033c4996ba8_0,Open Government Licence - St Albert,Version 1.0,https://data.stalbert.ca/pages/licence,Contains information licensed under the Open Government Licence - St Albert,2019-11-02,2019-08-29
Open Data,St. Albert (Municipality),City of St. Albert - Open Data - Civic Places,British Columbia,https://opendata.arcgis.com/datasets/4e99b5545f59441ea9a0cfcfaf656e1a_1,Open Government Licence – Burnaby,Version 1.0,https://www.burnaby.ca/opendata/licence.html,Contains information licensed under the Open Government Licence – Burnaby,2019-08-01,2019-08-29
Open Data,St. Albert (Municipality),St. Albert - Open Data - Cultural Facilities,Alberta,https://data.stalbert.ca/datasets/867601a480194c2a8b8dc033c4996ba8_0/data,Open Government Licence - St Albert,Version 1.0,https://data.stalbert.ca/pages/licence,Contains information licensed under the Open Government Licence - St Albert,2019-02-11,2020-03-10
Open Data,St. John (Municipality),City of St. John - Open Data - Libraries,New Brunswick,https://opendata.arcgis.com/datasets/abd73ed477f74ef9a86000f53894a207_0,Open Government Licence – City of Saint John,Version 01.0,https://ago-item-storage.s3.us-east-1.amazonaws.com/2b0da92076ce4cf48cda63a86fdc316f/Open_Data_Policy-2015-v.01-MAR-02.pdf?X-Amz-Security-Token=AgoJb3JpZ2luX2VjEL3%2F%2F%2F%2F%2F%2F%2F%2F%2F%2FwEaCXVzLWVhc3QtMSJIMEYCIQD%2BGcaR5MOqHKo3L4A20x9Tq7BgSLu8KGBwIiqxzFvZlQIhAIZfZLco%2FkqvGyXlU9eEdaa1%2FGDGhjCwIVIIkFkZ32ToKtoDCGUQABoMNjA0NzU4MTAyNjY1Igx3sb%2BuDpx87jeBQigqtwP5t%2BS7xYLnACS577ZqQG6dkfXeyC2VdaAs2ndZMljVoF8mSfQg0QkLg4wkKdFxNnLQ7YQ5nxFknRCfH6SIDvE%2F%2FC%2BNAw8cCVB0xJI%2FBlVXUp6MmYN8P7UC8zS1ZIF58Zo2Un1oymrXWXbc0jQfoxtE%2BWtUyCArHDJpEle0Ce5YKoPHa%2F8nx%2BGs%2BZbARhDvAPVJADAcck%2BjsJm38I5FaeSW%2FVdmb5Pzn0IJTidAtqcGPuxiH9nDWgigb2xUF5QB4T1omd6VoRLsURgrwwGi5KE919yX5HiRLxJ6ottIYTCl7T30h6a6n131z2FgO41dl%2FQhz%2FlBW4WBHz4SmzV2nJHBjAgv4PwrhUVPm3GUhu%2FfS3uPvC5sp5UPLarJz5zzASUv4q8djXKAlMxJyIOAmAhGQhYvGcFclCbINLHwsYQOwTGI1xzLjnbUZLYYyje03yNIpRQxQuyJRovelKU96x0rGYZNo28JEDvJn6zgIOzBpHdAOj%2FSPRf3P1kL1q02fSFoTvvt8ZJjltMIGcmY6DWd8Cq4goMjtykMFcb39FzT7cHiW5793x81XCK%2FpcW46rp%2BWoYXT8PmMNKhlusFOrMBLE45LbXGrHOk%2F9RWkEVqAa6QBIvsjPA9%2FIhMhAo2ZIpjsaJBz2VvZvsoB%2BC70TV%2Fs4GO5QNEfs24IL9Ei2IQqTPy0Av5EgWZzzLrITWuc3qWiwozEeAhwKdOl4blXDU5Jgpc2%2BCyPP3U6B32chztVQ9Wc0Lj9YFAS%2B2MvtsJHHhS4JZrGgsfbLn%2BKdMinzMDh88V6zQLZ3gkwFx09oVqawYTT7ep566PZVTt0JG84UY9984%3D&X-Amz-Algorithm=AWS4-HMAC-SHA256&X-Amz-Date=20190827T213225Z&X-Amz-SignedHeaders=host&X-Amz-Expires=300&X-Amz-Credential=ASIAYZTTEKKEUSDO7WEY%2F20190827%2Fus-east-1%2Fs3%2Faws4_request&X-Amz-Signature=42c6a5f3ac5581899257f0521e7c6d0cb8ecef07ed56cb5bc88456bb2bfb6f9a,Contains information licensed under the Open Government Licence – City of Saint John,2018-10-15,2019-10-24
Open Data,Strathcona County (County),Strathcona County - County Owned Buildings | Strathcona County Open Data,Alberta,https://data.strathcona.ca/Housing-Buildings/County-Owned-Buildings/nksb-43gy/data,Open Government Licence – Strathcona County,Version 1.0,https://data.strathcona.ca/stories/s/bxnd-tfzb,Contains information licensed under the Open Government Licence – Strathcona County,2016-11-18,2020-02-11
Open Data,Surrey (Municipality),Surrey - Places Of Interest - Datasets - City Of Surrey Open Data Catalogue,British Columbia,https://data.surrey.ca/dataset/places-of-interest,Open Government Licence – City of Surrey,Version 2.0,http://data.surrey.ca/pages/open-government-licence-surrey,Contains information licensed under the Open Government License – City of Surrey,Monthly,2020-02-04
Open Data,Toronto (Municipality),City of Toronto - Open Data - Library Branch Locations,Ontario,https://ckan0.cf.opendata.inter.prod-toronto.ca/download_resource/cf8b0ad4-4db0-4623-a95c-51de93f8e306,Open Government Licence – Toronto,Version 1.0,https://www.toronto.ca/city-government/data-research-maps/open-data/open-data-licence/,Contains information licensed under the Open Government Licence – Toronto,2019-07-23,2020-03-13
Open Data,Toronto (Municipality),Toronto - Open Data Dataset - City Of Toronto Open Data Portal - Cultural Spaces,Ontario,https://open.toronto.ca/dataset/cultural-spaces/,Open Government Licence – Toronto,Version 1.0,https://www.toronto.ca/city-government/data-research-maps/open-data/open-data-licence/,Contains information licensed under the Open Government Licence – Toronto,2014-02-31,2020-02-04
Open Data,Toronto (Municipality),Toronto - Open Data Dataset - City Of Toronto Open Data Portal - Cultural Hotspot Points Of Interest,Ontario,https://open.toronto.ca/dataset/cultural-hotspot-points-of-interest/,Open Government Licence – Toronto,Version 1.0,https://www.toronto.ca/city-government/data-research-maps/open-data/open-data-licence/,Contains information licensed under the Open Government Licence – Toronto,2016-02-29,2020-03-10
Open Data,Toronto (Municipality),Toronto - Open Data Dataset - City Of Toronto Open Data Portal - Places Of Interest And Toronto Attractions,Ontario,https://open.toronto.ca/dataset/places-of-interest-and-toronto-attractions/,Open Government Licence – Toronto,Version 1.0,https://www.toronto.ca/city-government/data-research-maps/open-data/open-data-licence/,Contains information licensed under the Open Government Licence – Toronto,2020-04-04,2020-02-04
Open Data,Vancouver (Municipality),Vancouver - Cultural Spaces — City Of Vancouver Open Data Portal,British Columbia,https://opendata.vancouver.ca/explore/dataset/cultural-spaces/information/?disjunctive.type&disjunctive.primary_use&disjunctive.ownership,Open Government Licence – Vancouver,Version 2.0,https://vancouver.ca/your-government/open-data-catalogue.aspx#tab19099,Contains information licensed under the Open Government Licence – Vancouver,2010-09-22,2020-02-11
Open Data,Vancouver (Municipality),Vancouver - Libraries — City Of Vancouver Open Data Portal,British Columbia,https://opendata.vancouver.ca/explore/dataset/libraries/information/,Open Government Licence – Vancouver,Version 1.0,https://opendata.vancouver.ca/pages/licence/,Contains information licensed under the Open Government Licence – Vancouver,2019-03-08,2019-09-12
Open Data,Victoria (Municipality),Victoria - Open Data - Arts And Culture Facilities (Ocp),British Columbia,http://opendata.victoria.ca/datasets/arts-and-culture-facilities-ocp,Open Government Licence – City of Victoria,Version 2.0,http://opendata.victoria.ca/pages/open-data-licence,Contains information licensed under the Open Government Licence – City of Victoria,2019-04-05,2020-03-10
Open Data,Waterloo Region (Municipality),Waterloo Region - Open Data - Points Of Interest,Ontario,https://geohub.cambridge.ca/datasets/City-of-Waterloo::points-of-interest?geometry=-80.726%2C43.435%2C-80.367%2C43.522,Regional Municipality of Waterloo - Open Data Terms of Use,Version 2.0,https://www.regionofwaterloo.ca/en/regional-government/open-data.aspx,Contains information provided by the Regional Municipality of Waterloo under licence,2018-01-24,2020-02-04
Open Data,Welland (Municipality),Welland - City Of Welland - Open Data - Municipal Facilities,Ontario,https://www.welland.ca/Open/OpendataResp.asp?utitle=Municipal%20Facilities,Open Government Licence – City of Welland,Version 2.0,https://www.welland.ca/open/OpendataTermUse.asp,Contains information licensed under the Open Government Licence – City of Welland,2019-07-05,2020-02-29
Open Data,Welland (Municipality),Welland - City Of Welland - Open Data - Municipal Facilities,Ontario,https://www.welland.ca/open/OpendataResp.asp?utitle=Municipal%20Facilities,Open Government Licence – City of Welland,Version 2.0,https://www.welland.ca/open/OpendataTermUse.asp,Contains information licensed under the Open Government Licence – City of Welland,Monthly,2020-02-04
Open Data,White Rock (Municipality),White Rock - Museum - Datasets - City Of White Rock Open Data Portal,British Columbia,http://data.whiterockcity.ca/dataset/museum,Open Government Licence – British Columbia,,http://data.whiterockcity.ca/dataset/museum,Contains information licensed under the Open Government Licence – British Columbia,2016-12-07,2020-02-11
Open Data,White Rock (Municipality),White Rock - Open Data - City Buildings,British Columbia,http://wroms.whiterockcity.ca/opendata/GIS/Data/Spatial/Landbase/SHP/CityBldg.zip,Open Government Licence - British Columbia,,http://data.whiterockcity.ca/dataset/citybldg,Contains information licensed under the Open Government Licence - British Columbia,Unknown,2019-09-05
Open Data,Windsor (Municipality),City of Windsor - Open Data - Libraries,Ontario,https://opendata.citywindsor.ca/opendata/details/205,Open Government Licence – The Corporation of the City of Windsor,Version 1.0,https://citywindsor.ca/opendata/Documents/OpenDataTermsofUse.pdf,Contains information licensed under the Open Government Licence – The Corporation of the City of Windsor,2018-07-01,2020-03-05
Open Data,Winnipeg (Municipality),Winnipeg - Recreation Complex | Open Data | City Of Winnipeg,Manitoba,https://data.winnipeg.ca/Recreation/Recreation-Complex/xuqw-wemm,Open Government Licence – Winnipeg,Version 1.0,https://data.winnipeg.ca/stories/s/Open-Data-Licence/rwzh-4ijx/,Contains information licensed under the Open Government Licence – Winnipeg,2020-09-01,2020-02-11
Open Data,Winnipeg (Municipality),Winnipeg - Library | Open Data | City Of Winnipeg,Manitoba,https://data.winnipeg.ca/Libraries/Library/itub-a6x4,Open Government Licence – Winnipeg,Version 1.0,https://data.winnipeg.ca/stories/s/Open-Data-Licence/rwzh-4ijx/,Contains information licensed under the Open Government Licence – Winnipeg,2019-08-01,2019-09-12
Open Data,York Region (Municipality),York Region - Open Data - City Owned Facilities,Ontario,https://opendata.arcgis.com/datasets/d8cee9f1183f4d8f9c731e777782f3a3_0,Open Data Licence - York Region,Version 1.0,http://insights-york.opendata.arcgis.com/datasets/york-region-open-data-licence,Contains public sector information made available under The Regional Municipality of York's Open Data Licence,2018-12-14,2019-08-30
Other,Canadian Museums Association,Canadian Museums Association,N/A,https://museums.ca/site/aboutthecma/services/canadianmuseumdirectory?language=en_CA,n/a,n/a,n/a,n/a,Unknown,2020-03-13
